{
  "ef_search_50": {
    "MAP@10": 0.06899999999999996,
    "MRR@10": 0.7,
    "NDCG@10": 0.2242612097499198,
    "P@10": 0.11899999999999994,
    "Recall@10": 0.06899999999999996,
    "Recall@100": 0.06899999999999996
  },
  "ef_search_100": {
    "MAP@10": 0.08049999999999993,
    "MRR@10": 0.75,
    "NDCG@10": 0.24223560240925313,
    "P@10": 0.1229999999999999,
    "Recall@10": 0.08049999999999993,
    "Recall@100": 0.08049999999999993
  }
}